-- phpMyAdmin SQL Dump
-- version 4.7.4
-- https://www.phpmyadmin.net/
--
-- Host: 127.0.0.1
-- Generation Time: 02 Apr 2019 pada 10.17
-- Versi Server: 10.1.28-MariaDB
-- PHP Version: 7.1.10

SET SQL_MODE = "NO_AUTO_VALUE_ON_ZERO";
SET AUTOCOMMIT = 0;
START TRANSACTION;
SET time_zone = "+00:00";


/*!40101 SET @OLD_CHARACTER_SET_CLIENT=@@CHARACTER_SET_CLIENT */;
/*!40101 SET @OLD_CHARACTER_SET_RESULTS=@@CHARACTER_SET_RESULTS */;
/*!40101 SET @OLD_COLLATION_CONNECTION=@@COLLATION_CONNECTION */;
/*!40101 SET NAMES utf8mb4 */;

--
-- Database: `ppob_ukk`
--

-- --------------------------------------------------------

--
-- Struktur dari tabel `admin`
--

CREATE TABLE `admin` (
  `id_admin` int(11) NOT NULL,
  `username` varchar(50) NOT NULL,
  `password` varchar(50) NOT NULL,
  `nama_admin` varchar(50) NOT NULL,
  `id_level` int(11) NOT NULL
) ENGINE=InnoDB DEFAULT CHARSET=latin1;

--
-- Dumping data untuk tabel `admin`
--

INSERT INTO `admin` (`id_admin`, `username`, `password`, `nama_admin`, `id_level`) VALUES
(1, 'dyah', '123', 'dyah ayu', 2),
(2, 'ayu', '123', 'ayu shafitri', 1);

-- --------------------------------------------------------

--
-- Struktur dari tabel `level`
--

CREATE TABLE `level` (
  `id_level` int(11) NOT NULL,
  `nama_level` varchar(10) NOT NULL
) ENGINE=InnoDB DEFAULT CHARSET=latin1;

--
-- Dumping data untuk tabel `level`
--

INSERT INTO `level` (`id_level`, `nama_level`) VALUES
(1, 'Manager'),
(2, 'Teller');

-- --------------------------------------------------------

--
-- Struktur dari tabel `pelanggan`
--

CREATE TABLE `pelanggan` (
  `id_pelanggan` int(11) NOT NULL,
  `username` varchar(50) NOT NULL,
  `password` varchar(50) NOT NULL,
  `nomor_kwh` varchar(50) NOT NULL,
  `nama_pelanggan` varchar(50) NOT NULL,
  `alamat` text NOT NULL,
  `id_tarif` int(11) NOT NULL
) ENGINE=InnoDB DEFAULT CHARSET=latin1;

--
-- Dumping data untuk tabel `pelanggan`
--

INSERT INTO `pelanggan` (`id_pelanggan`, `username`, `password`, `nomor_kwh`, `nama_pelanggan`, `alamat`, `id_tarif`) VALUES
(2, 'dyah', 'dyah', '16', 'dyahayu', 'nganjuk', 1),
(5, 'dea', 'dea', '12', 'dea', 'malang', 2);

-- --------------------------------------------------------

--
-- Struktur dari tabel `pembayaran`
--

CREATE TABLE `pembayaran` (
  `id_pembayaran` int(11) NOT NULL,
  `id_tagihan` int(11) NOT NULL,
  `tanggal_pembayaran` date NOT NULL,
  `bulan_bayar` varchar(20) NOT NULL,
  `biaya_admin` int(11) NOT NULL,
  `total_bayar` int(11) NOT NULL,
  `status` varchar(20) NOT NULL,
  `bukti` varchar(100) NOT NULL,
  `id_admin` int(11) NOT NULL
) ENGINE=InnoDB DEFAULT CHARSET=latin1;

--
-- Dumping data untuk tabel `pembayaran`
--

INSERT INTO `pembayaran` (`id_pembayaran`, `id_tagihan`, `tanggal_pembayaran`, `bulan_bayar`, `biaya_admin`, `total_bayar`, `status`, `bukti`, `id_admin`) VALUES
(6, 8, '2019-04-02', '12-2020', 2500, 12500, 'lunas', 'icon2.png', 1),
(7, 9, '2019-04-02', '8-2019', 2500, 25000, 'lunas', 'blouse(1)3.jpg', 1);

-- --------------------------------------------------------

--
-- Struktur dari tabel `penggunaan`
--

CREATE TABLE `penggunaan` (
  `id_penggunaan` int(11) NOT NULL,
  `id_pelanggan` int(11) NOT NULL,
  `bulan` varchar(20) NOT NULL,
  `tahun` varchar(20) NOT NULL,
  `meter_awal` float NOT NULL,
  `meter_akhir` float NOT NULL
) ENGINE=InnoDB DEFAULT CHARSET=latin1;

--
-- Dumping data untuk tabel `penggunaan`
--

INSERT INTO `penggunaan` (`id_penggunaan`, `id_pelanggan`, `bulan`, `tahun`, `meter_awal`, `meter_akhir`) VALUES
(17, 5, '12', '2020', 80, 130),
(18, 2, '8', '2019', 20, 120);

-- --------------------------------------------------------

--
-- Struktur dari tabel `tagihan`
--

CREATE TABLE `tagihan` (
  `id_tagihan` int(11) NOT NULL,
  `id_penggunaan` int(11) NOT NULL,
  `bulan` varchar(20) NOT NULL,
  `tahun` varchar(20) NOT NULL,
  `jumlah_meter` float NOT NULL,
  `status` varchar(50) NOT NULL DEFAULT 'belum bayar'
) ENGINE=InnoDB DEFAULT CHARSET=latin1;

--
-- Dumping data untuk tabel `tagihan`
--

INSERT INTO `tagihan` (`id_tagihan`, `id_penggunaan`, `bulan`, `tahun`, `jumlah_meter`, `status`) VALUES
(8, 17, '12', '2020', 50, 'lunas'),
(9, 18, '8', '2019', 100, 'lunas');

-- --------------------------------------------------------

--
-- Struktur dari tabel `tarif`
--

CREATE TABLE `tarif` (
  `id_tarif` int(11) NOT NULL,
  `daya` varchar(10) NOT NULL,
  `tarifperkwh` float NOT NULL
) ENGINE=InnoDB DEFAULT CHARSET=latin1;

--
-- Dumping data untuk tabel `tarif`
--

INSERT INTO `tarif` (`id_tarif`, `daya`, `tarifperkwh`) VALUES
(1, '500', 250),
(2, '1000', 500);

--
-- Indexes for dumped tables
--

--
-- Indexes for table `admin`
--
ALTER TABLE `admin`
  ADD PRIMARY KEY (`id_admin`),
  ADD KEY `id_level` (`id_level`);

--
-- Indexes for table `level`
--
ALTER TABLE `level`
  ADD PRIMARY KEY (`id_level`);

--
-- Indexes for table `pelanggan`
--
ALTER TABLE `pelanggan`
  ADD PRIMARY KEY (`id_pelanggan`),
  ADD KEY `id_tarif` (`id_tarif`);

--
-- Indexes for table `pembayaran`
--
ALTER TABLE `pembayaran`
  ADD PRIMARY KEY (`id_pembayaran`),
  ADD UNIQUE KEY `id_tagihan` (`id_tagihan`),
  ADD KEY `id_admin` (`id_admin`);

--
-- Indexes for table `penggunaan`
--
ALTER TABLE `penggunaan`
  ADD PRIMARY KEY (`id_penggunaan`),
  ADD KEY `id_pelanggan` (`id_pelanggan`);

--
-- Indexes for table `tagihan`
--
ALTER TABLE `tagihan`
  ADD PRIMARY KEY (`id_tagihan`),
  ADD UNIQUE KEY `id_penggunaan` (`id_penggunaan`);

--
-- Indexes for table `tarif`
--
ALTER TABLE `tarif`
  ADD PRIMARY KEY (`id_tarif`);

--
-- AUTO_INCREMENT for dumped tables
--

--
-- AUTO_INCREMENT for table `admin`
--
ALTER TABLE `admin`
  MODIFY `id_admin` int(11) NOT NULL AUTO_INCREMENT, AUTO_INCREMENT=3;

--
-- AUTO_INCREMENT for table `level`
--
ALTER TABLE `level`
  MODIFY `id_level` int(11) NOT NULL AUTO_INCREMENT, AUTO_INCREMENT=3;

--
-- AUTO_INCREMENT for table `pelanggan`
--
ALTER TABLE `pelanggan`
  MODIFY `id_pelanggan` int(11) NOT NULL AUTO_INCREMENT, AUTO_INCREMENT=6;

--
-- AUTO_INCREMENT for table `pembayaran`
--
ALTER TABLE `pembayaran`
  MODIFY `id_pembayaran` int(11) NOT NULL AUTO_INCREMENT, AUTO_INCREMENT=8;

--
-- AUTO_INCREMENT for table `penggunaan`
--
ALTER TABLE `penggunaan`
  MODIFY `id_penggunaan` int(11) NOT NULL AUTO_INCREMENT, AUTO_INCREMENT=19;

--
-- AUTO_INCREMENT for table `tagihan`
--
ALTER TABLE `tagihan`
  MODIFY `id_tagihan` int(11) NOT NULL AUTO_INCREMENT, AUTO_INCREMENT=10;

--
-- AUTO_INCREMENT for table `tarif`
--
ALTER TABLE `tarif`
  MODIFY `id_tarif` int(11) NOT NULL AUTO_INCREMENT, AUTO_INCREMENT=3;

--
-- Ketidakleluasaan untuk tabel pelimpahan (Dumped Tables)
--

--
-- Ketidakleluasaan untuk tabel `admin`
--
ALTER TABLE `admin`
  ADD CONSTRAINT `fk_level` FOREIGN KEY (`id_level`) REFERENCES `level` (`id_level`);

--
-- Ketidakleluasaan untuk tabel `pelanggan`
--
ALTER TABLE `pelanggan`
  ADD CONSTRAINT `fk_tarif` FOREIGN KEY (`id_tarif`) REFERENCES `tarif` (`id_tarif`);

--
-- Ketidakleluasaan untuk tabel `pembayaran`
--
ALTER TABLE `pembayaran`
  ADD CONSTRAINT `pembayaran_ibfk_1` FOREIGN KEY (`id_tagihan`) REFERENCES `tagihan` (`id_tagihan`);

--
-- Ketidakleluasaan untuk tabel `penggunaan`
--
ALTER TABLE `penggunaan`
  ADD CONSTRAINT `fk_pelanggan` FOREIGN KEY (`id_pelanggan`) REFERENCES `pelanggan` (`id_pelanggan`);

--
-- Ketidakleluasaan untuk tabel `tagihan`
--
ALTER TABLE `tagihan`
  ADD CONSTRAINT `fk_penggunaan` FOREIGN KEY (`id_penggunaan`) REFERENCES `penggunaan` (`id_penggunaan`) ON DELETE CASCADE ON UPDATE CASCADE;
COMMIT;

/*!40101 SET CHARACTER_SET_CLIENT=@OLD_CHARACTER_SET_CLIENT */;
/*!40101 SET CHARACTER_SET_RESULTS=@OLD_CHARACTER_SET_RESULTS */;
/*!40101 SET COLLATION_CONNECTION=@OLD_COLLATION_CONNECTION */;
